cohort	n	score_column	correlation	p_value
GSE56315	88	score_net	-0.9794036932768501	1.5352439746995733e-61
GSE31312	470	score_net_z	0.2991549240659889	3.5806545007169355e-11
